Alias;True Name
Mn Atkinson;M Atkinson
M Atkinson;M Atkinson
S Attwell;S Attwell
P Bankes;P Bankes
G Barber;G Barber
G. P. Barber;G Barber
Barber, G. P.;G Barber
Graham Barber;G Barber
N Barry;N Barry
Neale Barry;N Barry
N. S. Barry;N Barry
Barry, N. S.;N Barry
R Beeby;R Beeby
S Bennett;S Bennett
S. G. Bennett;S Bennett
Steve Bennett;S Bennett
St Bennett;S Bennett
Bennett, S. G.;S Bennett
Roy Burton;R Burton
M Clattenburg;M Clattenburg
D Coote;D Coote
P Crossley;P Crossley
A D'Urso;A D'Urso
Andy D'Urso;A D'Urso
A. P. D'Urso;A D'Urso
D'Urso, A. P.;A D'Urso
M. L Dean;M Dean
M. L. Dean;M Dean
M Dean;M Dean
Mike Dean;M Dean
Dean, M. L;M Dean
P. Dowd;P Dowd
P Dowd;P Dowd
Dowd, P.;P Dowd
S Dunn;S Dunn
S. W. Dunn;S Dunn
Steve Dunn;S Dunn
Dunn, S. W.;S Dunn
P. A. Durkin;P Durkin
Paul Durkin;P Durkin
P.A. Durkin;P Durkin
P Durkin;P Durkin
Durkin, P.;P Durkin
Durkin, P. A.;P Durkin
R East;R East
David Ellaray;D Elleray
D. R. Elleray;D Elleray
D Elleray;D Elleray
Elleray, D. R.;D Elleray
D England;D England
C. J. Foy;C Foy
C Foy;C Foy
Foy, C. J.;C Foy
K Friend;K Friend
D Gallagh;D Gallagher
D Gallaghe;D Gallagher
Dermot Gallagher;D Gallagher
D Gallagher;D Gallagher
D. J. Gallagher;D Gallagher
Gallagher, D. J.;D Gallagher
Andy Hall;A Hall
M Halsey;M Halsey
Mark Halsey;M Halsey
M. R. Halsey;M Halsey
Halsey, M. R.;M Halsey
Ian Harris;I Harris
Rob Harris;R Harris
S Hooper;S Hooper
M Jones;M Jones
P. Jones;P Jones
Peter Jones;P Jones
Jones, P.;P Jones
R Jones;R Jones
C Kavanagh;C Kavanagh
B Knight;B Knight
Barry Knight;B Knight
B. Knight;B Knight
Knight, B.;B Knight
O Langford;O Langford
Steve Lodge;S Lodge
R Madley;R Madley
A Madley;A Madley
A Marriner;A Marriner
R Martin;R Martin
L Mason;L Mason
l Mason;L Mason
M Messias;M Messias
M. D. Messias;M Messias
Matt Messias;M Messias
Messias, M. D.;M Messias
J Moss;J Moss
A Moss;A Moss
M Oliver;M Oliver
C Pawson;C Pawson
G. Poll;G Poll
G Poll;G Poll
Poll, G.;G Poll
Graham Poll;G Poll
L Probert;L Probert
D. Pugh;D Pugh
D Pugh;D Pugh
Pugh, D.;D Pugh
U Rennie;U Rennie
U. D. Rennie;U Rennie
Rennie, U. D.;U Rennie
Mike Riley;M Riley
M Riley;M Riley
M. A. Riley;M Riley
Riley, M. A.;M Riley
T Robinson;T Robinson
G Scott;G Scott
S Scott;S Scott
K Stroud;K Stroud
R Styles;R Styles
Rob Styles;R Styles
R. Styles;R Styles
Styles, R;R Styles
Styles, R.;R Styles
N Swarbrick;N Swarbrick
S Tanner;S Tanner
Paul Taylor;P Taylor
F Taylor;F Taylor
A Taylor;A Taylor
P Tierney;P Tierney
P Walton;P Walton
H Webb;H Webb
A.G. Wiley;A Wiley
A. G. Wiley;A Wiley
A Wiley;A Wiley
Alan Wiley;A Wiley
Wiley, A. G.;A Wiley
C Wilkes;C Wilkes
Clive Wilkes;C Wilkes
C. R. Wilkes;C Wilkes
Wilkes, C. R.;C Wilkes
I Williamson;I Williamson
J.T. Winter;J Winter
Jeff Winter;J Winter
J. T. Winter;J Winter
J Winter;J Winter
Winter, J. T.;J Winter
E. K. Wolstenholme;E Wolstenholme
E Wolstenholme;E Wolstenholme
Wolstenholme, E. K.;E Wolstenholme
Yates N;N Yates
Yates, N;N Yates